doc,Fog,Flesch,Mean
Playing games has always been thought to be important to ,4.0,78.25,41.125
the development of well-balanced and creative children; ,8.51,30.53,19.52
"however, what part, if any, they should play in the lives ",4.4,94.15,49.275000000000006
of adults has never been researched that deeply. I believe ,4.0,86.71,45.355
that playing games is every bit as important for adults ,4.0,78.25,41.125
as for children. Not only is taking time out to play games ,2.4,90.77,46.585
with our children and other adults valuable to building ,3.6,79.26,41.43
interpersonal relationships but is also a wonderful way ,13.2,4.14,8.67
to release built up tension.,2.0,83.32,42.66
The language will be used for syllable calculation and to choose variant of the formula.,14.0,56.25,35.125
